site_id,date,reach,year,site_int,median_prob,.lower,.upper,note
ARIK,20160412,01,2016,1,0.281811232596043,0.2551885713487572,0.3197049221083698,median and lower/upper 95% credible intervals of capture probabilities on the first pass
ARIK,20160413,06,2016,2,0.17800409686408625,0.02458376803146081,0.392058094409604,median and lower/upper 95% credible intervals of capture probabilities on the first pass
ARIK,20160414,09,2016,3,0.340927338939793,0.1373194734400913,0.5025719275862479,median and lower/upper 95% credible intervals of capture probabilities on the first pass
ARIK,20161011,01,2016,4,0.1476710680422807,0.009335208561460598,0.3816138436510211,median and lower/upper 95% credible intervals of capture probabilities on the first pass
ARIK,20161011,06,2016,5,0.42981921546519586,0.253265949703643,0.5500645740897794,median and lower/upper 95% credible intervals of capture probabilities on the first pass
ARIK,20161012,09,2016,6,0.04700333881754974,0.007483541105071059,0.18083853598338281,median and lower/upper 95% credible intervals of capture probabilities on the first pass
ARIK,20170410,01,2017,7,0.3234395075812585,0.06008846482878853,0.5743270304342051,median and lower/upper 95% credible intervals of capture probabilities on the first pass
ARIK,20170411,06,2017,8,0.23574092656027848,0.10219475243788713,0.3431861944109048,median and lower/upper 95% credible intervals of capture probabilities on the first pass
ARIK,20170412,09,2017,9,0.5285577912397761,0.39927953784114684,0.6324827877881107,median and lower/upper 95% credible intervals of capture probabilities on the first pass
ARIK,20171017,01,2017,10,0.3086073166531408,0.15776955948148705,0.43341601226763116,median and lower/upper 95% credible intervals of capture probabilities on the first pass
ARIK,20171018,06,2017,11,0.19126639600425693,0.0739696444898186,0.31751934192081643,median and lower/upper 95% credible intervals of capture probabilities on the first pass
ARIK,20171019,09,2017,12,0.5363824567929592,0.4183915693631464,0.6247695928408169,median and lower/upper 95% credible intervals of capture probabilities on the first pass
ARIK,20180402,01,2018,13,0.28411611578344753,0.12568829197622586,0.41926070789058323,median and lower/upper 95% credible intervals of capture probabilities on the first pass
ARIK,20180403,06,2018,14,0.3084395004803778,0.16478342400767076,0.4626132055158856,median and lower/upper 95% credible intervals of capture probabilities on the first pass
ARIK,20180404,09,2018,15,0.4452279395534138,0.29266871882391265,0.5479934134897535,median and lower/upper 95% credible intervals of capture probabilities on the first pass
ARIK,20181015,01,2018,16,0.247743187663926,0.16762460894999043,0.3103680472248342,median and lower/upper 95% credible intervals of capture probabilities on the first pass
ARIK,20181017,06,2018,17,0.011057859887588048,0.001251955645512434,0.03211070350920325,median and lower/upper 95% credible intervals of capture probabilities on the first pass
ARIK,20181018,09,2018,18,0.13785130824063557,0.05398701383446268,0.22340430168575504,median and lower/upper 95% credible intervals of capture probabilities on the first pass
ARIK,20190409,01,2019,19,0.26933120088267887,0.0887071113396446,0.4352698526821272,median and lower/upper 95% credible intervals of capture probabilities on the first pass
ARIK,20190410,06,2019,20,0.3950947277628154,0.28352004878100884,0.4971394311816383,median and lower/upper 95% credible intervals of capture probabilities on the first pass
ARIK,20191014,01,2019,21,0.09099493699185265,0.026342378342094387,0.15966292673758053,median and lower/upper 95% credible intervals of capture probabilities on the first pass
ARIK,20191015,06,2019,22,0.20375260742384813,0.12595884112088673,0.2821235203628023,median and lower/upper 95% credible intervals of capture probabilities on the first pass
ARIK,20191016,09,2019,23,0.30092342228767666,0.23961688101599368,0.3578252481700894,median and lower/upper 95% credible intervals of capture probabilities on the first pass
ARIK,20210405,01,2021,24,0.07317586134932058,0.006938742423248094,0.28850068699283005,median and lower/upper 95% credible intervals of capture probabilities on the first pass
ARIK,20210406,06,2021,25,0.08934676949715228,0.006811975238569424,0.3138839044736704,median and lower/upper 95% credible intervals of capture probabilities on the first pass
ARIK,20210408,09,2021,26,0.152326601008286,0.009554071019644445,0.43305450588169553,median and lower/upper 95% credible intervals of capture probabilities on the first pass
ARIK,20220329,01,2022,27,0.130957153834399,0.007510885701751581,0.6933353564504622,median and lower/upper 95% credible intervals of capture probabilities on the first pass
ARIK,20220330,06,2022,28,0.1113534405700008,0.007082713272523916,0.38867546226625294,median and lower/upper 95% credible intervals of capture probabilities on the first pass
ARIK,20220331,09,2022,29,0.07055667111181796,0.00821300175698141,0.2626378876746885,median and lower/upper 95% credible intervals of capture probabilities on the first pass
BIGC,20181015,01,2018,30,0.30137764498154185,0.12501219146904075,0.4984283347740098,median and lower/upper 95% credible intervals of capture probabilities on the first pass
BIGC,20181017,04,2018,31,0.6142678148477829,0.4973406229383719,0.719597983135695,median and lower/upper 95% credible intervals of capture probabilities on the first pass
BIGC,20181018,07,2018,32,0.6628513556937674,0.523787054344864,0.771535922707917,median and lower/upper 95% credible intervals of capture probabilities on the first pass
BIGC,20190422,01,2019,33,0.3994846591691418,0.15264280722308393,0.6283487954021965,median and lower/upper 95% credible intervals of capture probabilities on the first pass
BIGC,20190423,04,2019,34,0.3071935058341198,0.08613319780909341,0.46604180895251773,median and lower/upper 95% credible intervals of capture probabilities on the first pass
BIGC,20190424,07,2019,35,0.25066636515089247,0.02629646603688695,0.4889674505656159,median and lower/upper 95% credible intervals of capture probabilities on the first pass
BIGC,20191021,01,2019,36,0.6290455057009683,0.5161290408085514,0.7313752888103775,median and lower/upper 95% credible intervals of capture probabilities on the first pass
BIGC,20191022,04,2019,37,0.4726350655255457,0.3342894071303542,0.594853481791344,median and lower/upper 95% credible intervals of capture probabilities on the first pass
BIGC,20191023,07,2019,38,0.6010434631947046,0.46123476021342114,0.7188333678992647,median and lower/upper 95% credible intervals of capture probabilities on the first pass
BIGC,20210419,01,2021,39,0.5021087932823307,0.3352822650541649,0.6568888192521621,median and lower/upper 95% credible intervals of capture probabilities on the first pass
BIGC,20210420,04,2021,40,0.6289660102449269,0.4237122035056089,0.781132021266564,median and lower/upper 95% credible intervals of capture probabilities on the first pass
BIGC,20210421,07,2021,41,0.45503592642943413,0.28668217552039815,0.5861960821612643,median and lower/upper 95% credible intervals of capture probabilities on the first pass
BIGC,20220425,01,2022,42,0.25237861055205296,0.0619126242200023,0.4688783495628535,median and lower/upper 95% credible intervals of capture probabilities on the first pass
BIGC,20220426,04,2022,43,0.49378230811876456,0.3550609749817412,0.6193675998831237,median and lower/upper 95% credible intervals of capture probabilities on the first pass
BIGC,20220427,07,2022,44,0.6653059459579598,0.535244244054681,0.7663952182639058,median and lower/upper 95% credible intervals of capture probabilities on the first pass
BIGC,20221011,01,2022,45,0.44448729974155443,0.09252208217426691,0.709970292976625,median and lower/upper 95% credible intervals of capture probabilities on the first pass
BLDE,20180918,02,2018,46,0.3206829445517728,0.06091268775341638,0.5874400771208482,median and lower/upper 95% credible intervals of capture probabilities on the first pass
BLDE,20180918,03,2018,47,0.2169620843927733,0.04909277217940333,0.4429987354665662,median and lower/upper 95% credible intervals of capture probabilities on the first pass
BLDE,20180919,06,2018,48,0.19991874138345633,0.012499373616275166,0.4582557359980304,median and lower/upper 95% credible intervals of capture probabilities on the first pass
BLDE,20190923,02,2019,49,0.28640889749411413,0.025424013015631533,0.4557778949936132,median and lower/upper 95% credible intervals of capture probabilities on the first pass
BLDE,20190924,03,2019,50,0.5042829424835293,0.3336182706656094,0.6491114813977703,median and lower/upper 95% credible intervals of capture probabilities on the first pass
BLDE,20190925,06,2019,51,0.16466597071563815,0.03293565178260137,0.36092233825898873,median and lower/upper 95% credible intervals of capture probabilities on the first pass
BLDE,20201006,02,2020,52,0.2770729082080342,0.05323810936930578,0.47440497435424656,median and lower/upper 95% credible intervals of capture probabilities on the first pass
BLDE,20210927,02,2021,53,0.38253379386255215,0.12632286111080718,0.5483095402064783,median and lower/upper 95% credible intervals of capture probabilities on the first pass
BLDE,20210928,03,2021,54,0.3224952396517745,0.15754083395616236,0.4786620822210411,median and lower/upper 95% credible intervals of capture probabilities on the first pass
BLDE,20210929,06,2021,55,0.31457201586485656,0.141626231557831,0.45956089099228487,median and lower/upper 95% credible intervals of capture probabilities on the first pass
BLUE,20170322,07,2017,56,0.025689068072680697,0.0026699151936860886,0.07449554054233554,median and lower/upper 95% credible intervals of capture probabilities on the first pass
BLUE,20170323,02,2017,57,0.017669955093313892,0.0019923789165481255,0.06374408396946415,median and lower/upper 95% credible intervals of capture probabilities on the first pass
BLUE,20170324,04,2017,58,0.049902636884692556,0.006443844948252116,0.16559427642976104,median and lower/upper 95% credible intervals of capture probabilities on the first pass
BLUE,20171031,02,2017,59,0.4618322428510024,0.3802003915848746,0.5344155381945572,median and lower/upper 95% credible intervals of capture probabilities on the first pass
BLUE,20171101,04,2017,60,0.4531948647849374,0.3800405893293032,0.52453349182318465,median and lower/upper 95% credible intervals of capture probabilities on the first pass
BLUE,20171102,07,2017,61,0.10211324019228282,0.029665449790081243,0.17174722723344932,median and lower/upper 95% credible intervals of capture probabilities on the first pass
BLUE,20220329,04,2022,62,0.48017320696194743,0.4490973173539792,0.5114730087217968,median and lower/upper 95% credible intervals of capture probabilities on the first pass
CARI,20160926,01,2016,63,0.34192411544299395,0.049821663350370735,0.644937019469288,median and lower/upper 95% credible intervals of capture probabilities on the first pass
CARI,20180904,01,2018,64,0.20870536852132476,0.009571434044828898,0.8134574341084604,median and lower/upper 95% credible intervals of capture probabilities on the first pass
CARI,20190520,01,2019,65,0.2705999898250625,0.008614842763844884,0.9666244638298076,median and lower/upper 95% credible intervals of capture probabilities on the first pass
CARI,20190917,10,2019,66,0.2168920885619373,0.010128123922186243,0.7545800466765499,median and lower/upper 95% credible intervals of capture probabilities on the first pass
CARI,20210525,06,2021,67,0.0861188999795991,0.0028464532228981675,0.5196970487479604,median and lower/upper 95% credible intervals of capture probabilities on the first pass
CARI,20210526,10,2021,68,0.2847960147044881,0.006224001040938273,0.9098315877359966,median and lower/upper 95% credible intervals of capture probabilities on the first pass
CARI,20220531,01,2022,69,0.297589142533377,0.008868156803659058,0.8607257854376332,median and lower/upper 95% credible intervals of capture probabilities on the first pass
CARI,20220825,01,2022,70,0.1727094821323651,0.04083429585099215,0.3804612997607941,median and lower/upper 95% credible intervals of capture probabilities on the first pass
CARI,20220826,06,2022,71,0.6665412235639872,0.18418614472967013,0.894385199126419,median and lower/upper 95% credible intervals of capture probabilities on the first pass
CARI,20220829,10,2022,72,0.7378564025874812,0.370812985793611,0.914850394656518,median and lower/upper 95% credible intervals of capture probabilities on the first pass
CUPE,20170213,03,2017,73,0.24533011963464135,0.04406534600021915,0.5392290560245704,median and lower/upper 95% credible intervals of capture probabilities on the first pass
CUPE,20170215,06,2017,74,0.5743234592924717,0.4166264251588382,0.7042275726837797,median and lower/upper 95% credible intervals of capture probabilities on the first pass
CUPE,20170216,08,2017,75,0.23917511077419948,0.026215388889547112,0.5524372183350122,median and lower/upper 95% credible intervals of capture probabilities on the first pass
CUPE,20171211,03,2017,76,0.27403514277981056,0.009690700497258075,0.7142495608956895,median and lower/upper 95% credible intervals of capture probabilities on the first pass
CUPE,20171212,06,2017,77,0.26045228234417017,0.01704077413206896,0.6548508595120432,median and lower/upper 95% credible intervals of capture probabilities on the first pass
CUPE,20171213,08,2017,78,0.2200304681737862,0.026393445870593363,0.5384768735732971,median and lower/upper 95% credible intervals of capture probabilities on the first pass
CUPE,20180213,03,2018,79,0.5216220108374052,0.019576265949457786,0.9502664590620082,median and lower/upper 95% credible intervals of capture probabilities on the first pass
CUPE,20180214,06,2018,80,0.0733150168004095,0.006024452771930419,0.5313114086784106,median and lower/upper 95% credible intervals of capture probabilities on the first pass
CUPE,20180215,08,2018,81,0.19138748161992425,0.01305492129076615,0.6557904980177763,median and lower/upper 95% credible intervals of capture probabilities on the first pass
CUPE,20181127,03,2018,82,0.2441343230083735,0.020212310124013068,0.6537222056794082,median and lower/upper 95% credible intervals of capture probabilities on the first pass
CUPE,20181128,06,2018,83,0.149102499491157,0.015409678514629804,0.4647502185291358,median and lower/upper 95% credible intervals of capture probabilities on the first pass
CUPE,20181129,08,2018,84,0.352531370320614,0.02619021991172683,0.6669166848227586,median and lower/upper 95% credible intervals of capture probabilities on the first pass
CUPE,20190204,03,2019,85,0.5005406315013057,0.20746848496637427,0.7563043467787127,median and lower/upper 95% credible intervals of capture probabilities on the first pass
CUPE,20190205,06,2019,86,0.44877884565677145,0.21447113977137083,0.6144026439383152,median and lower/upper 95% credible intervals of capture probabilities on the first pass
CUPE,20190206,08,2019,87,0.8283873201113245,0.2096671190217569,0.9926027884359179,median and lower/upper 95% credible intervals of capture probabilities on the first pass
CUPE,20191202,03,2019,88,0.373881932627928,0.062115131732840403,0.6171483943289143,median and lower/upper 95% credible intervals of capture probabilities on the first pass
CUPE,20191203,06,2019,89,0.08411837525014661,0.007797898551781507,0.2729204189677481,median and lower/upper 95% credible intervals of capture probabilities on the first pass
CUPE,20191204,08,2019,90,0.160596449122901,0.013372117790339259,0.4899629299077559,median and lower/upper 95% credible intervals of capture probabilities on the first pass
CUPE,20210222,03,2021,91,0.589502369455335,0.43657046957503165,0.7080507352102148,median and lower/upper 95% credible intervals of capture probabilities on the first pass
CUPE,20211213,03,2021,92,0.28907395513708234,0.08239225411311486,0.4592296298852972,median and lower/upper 95% credible intervals of capture probabilities on the first pass
CUPE,20220221,03,2022,93,0.4130131123765375,0.2652485804294324,0.5310052161705594,median and lower/upper 95% credible intervals of capture probabilities on the first pass
CUPE,20221128,03,2022,94,0.13171208370300008,0.0031192653190943885,0.42408868921293125,median and lower/upper 95% credible intervals of capture probabilities on the first pass
CUPE,20221130,06,2022,95,0.3234834771314633,0.05798849943369945,0.5668789867896369,median and lower/upper 95% credible intervals of capture probabilities on the first pass
CUPE,20221201,08,2022,96,0.34411384396744116,0.05606475433869248,0.5880622028404929,median and lower/upper 95% credible intervals of capture probabilities on the first pass
GUIL,20171204,02,2017,97,0.07870544328872302,0.002361157604509001,0.5198438204484002,median and lower/upper 95% credible intervals of capture probabilities on the first pass
GUIL,20171205,05,2017,98,0.10547048330306423,0.009401861389290438,0.33248975163037975,median and lower/upper 95% credible intervals of capture probabilities on the first pass
GUIL,20171207,09,2017,99,0.06691692433623511,0.009736749152676187,0.2187821230685948,median and lower/upper 95% credible intervals of capture probabilities on the first pass
GUIL,20180206,02,2018,100,0.20339418373615384,0.011261953112687925,0.6584210862918659,median and lower/upper 95% credible intervals of capture probabilities on the first pass
GUIL,20180207,05,2018,101,0.18147841342686816,0.023399570075794553,0.41700785007712593,median and lower/upper 95% credible intervals of capture probabilities on the first pass
GUIL,20180208,09,2018,102,0.2513630822291282,0.11466484318914068,0.3727768170182447,median and lower/upper 95% credible intervals of capture probabilities on the first pass
GUIL,20181204,02,2018,103,0.465917960028157,0.40917793377133993,0.5182758997715577,median and lower/upper 95% credible intervals of capture probabilities on the first pass
GUIL,20181205,05,2018,104,0.1443092047589692,0.09231890186522568,0.18680190668146937,median and lower/upper 95% credible intervals of capture probabilities on the first pass
GUIL,20181207,09,2018,105,0.5729592464035311,0.5220165140262736,0.6223089964153307,median and lower/upper 95% credible intervals of capture probabilities on the first pass
GUIL,20190212,05,2019,106,0.3291807295176,0.28384958780887365,0.37409312027332536,median and lower/upper 95% credible intervals of capture probabilities on the first pass
GUIL,20190214,09,2019,107,0.7102872609419337,0.6617719530716802,0.7523238086493819,median and lower/upper 95% credible intervals of capture probabilities on the first pass
GUIL,20191119,05,2019,108,0.43731396078630824,0.4035465738202938,0.474193425099071,median and lower/upper 95% credible intervals of capture probabilities on the first pass
GUIL,20191121,09,2019,109,0.5284181302506952,0.49181812120910157,0.5689680688522835,median and lower/upper 95% credible intervals of capture probabilities on the first pass
GUIL,20210223,09,2021,110,0.37434753434291257,0.3404447769018694,0.41234116094671447,median and lower/upper 95% credible intervals of capture probabilities on the first pass
GUIL,20211214,09,2021,111,0.07441536933106667,0.021467969256578255,0.14676126479506985,median and lower/upper 95% credible intervals of capture probabilities on the first pass
GUIL,20220224,09,2022,112,0.40892221312732735,0.35498697532311385,0.45502312835214476,median and lower/upper 95% credible intervals of capture probabilities on the first pass
GUIL,20221219,02,2022,113,0.547240267965965,0.4887468300516664,0.5967224882305812,median and lower/upper 95% credible intervals of capture probabilities on the first pass
GUIL,20221220,05,2022,114,0.2516821401936759,0.09081711788760617,0.3811111958709676,median and lower/upper 95% credible intervals of capture probabilities on the first pass
GUIL,20221222,09,2022,115,0.2826350557348052,0.1854521475798959,0.3711157691905933,median and lower/upper 95% credible intervals of capture probabilities on the first pass
HOPB,20161025,04,2016,116,0.4565776352351947,0.33630484860161014,0.5611723196495154,median and lower/upper 95% credible intervals of capture probabilities on the first pass
HOPB,20161026,06,2016,117,0.3262135856816897,0.16724991490396485,0.4449939719874172,median and lower/upper 95% credible intervals of capture probabilities on the first pass
HOPB,20161027,10,2016,118,0.3171245672165062,0.22022637121409902,0.403479512604191,median and lower/upper 95% credible intervals of capture probabilities on the first pass
HOPB,20170502,04,2017,119,0.06618187419652287,0.0048821469465411774,0.28314964322033676,median and lower/upper 95% credible intervals of capture probabilities on the first pass
HOPB,20170503,06,2017,120,0.3839558873421275,0.07478843609406365,0.5830644392228452,median and lower/upper 95% credible intervals of capture probabilities on the first pass
HOPB,20170503,10,2017,121,0.3559263897992662,0.22509044235107123,0.46850848447857196,median and lower/upper 95% credible intervals of capture probabilities on the first pass
HOPB,20171024,04,2017,122,0.34241838859983,0.16811914713308873,0.4960596362248919,median and lower/upper 95% credible intervals of capture probabilities on the first pass
HOPB,20171103,06,2017,123,0.1908607371418659,0.03619341851337281,0.4002279079112602,median and lower/upper 95% credible intervals of capture probabilities on the first pass
HOPB,20171108,10,2017,124,0.4396789747274866,0.33014088178746565,0.5355455133316318,median and lower/upper 95% credible intervals of capture probabilities on the first pass
HOPB,20180430,04,2018,125,0.15472160684228026,0.015943870289638132,0.36562117300949,median and lower/upper 95% credible intervals of capture probabilities on the first pass
HOPB,20180501,06,2018,126,0.10002959446138668,0.011291683187158535,0.29202956758079096,median and lower/upper 95% credible intervals of capture probabilities on the first pass
HOPB,20180503,10,2018,127,0.3629256958349052,0.2391249404371285,0.4858119861711285,median and lower/upper 95% credible intervals of capture probabilities on the first pass
HOPB,20181022,04,2018,128,0.30699952747851483,0.06783282102589559,0.5115180423312045,median and lower/upper 95% credible intervals of capture probabilities on the first pass
HOPB,20181023,06,2018,129,0.3236760520573378,0.11363059700081796,0.5102819090162138,median and lower/upper 95% credible intervals of capture probabilities on the first pass
HOPB,20181025,10,2018,130,0.349702462603671,0.2142000252711142,0.4645366629884389,median and lower/upper 95% credible intervals of capture probabilities on the first pass
HOPB,20190507,04,2019,131,0.38070802139551824,0.07434631019687629,0.6377318073895865,median and lower/upper 95% credible intervals of capture probabilities on the first pass
HOPB,20190508,06,2019,132,0.21091758749949185,0.018732689740285326,0.5028390714998099,median and lower/upper 95% credible intervals of capture probabilities on the first pass
HOPB,20190509,10,2019,133,0.42282559946765397,0.3034708158659536,0.5392733210382945,median and lower/upper 95% credible intervals of capture probabilities on the first pass
HOPB,20191022,04,2019,134,0.2808113989070155,0.11630242335008814,0.44477679112865015,median and lower/upper 95% credible intervals of capture probabilities on the first pass
HOPB,20191024,06,2019,135,0.31154145229175667,0.11832308760403486,0.5000417122703629,median and lower/upper 95% credible intervals of capture probabilities on the first pass
HOPB,20191025,10,2019,136,0.2458314814215189,0.13640709797596562,0.3448500035726707,median and lower/upper 95% credible intervals of capture probabilities on the first pass
HOPB,20201026,04,2020,137,0.5160164532725222,0.3706805927749543,0.6324626459737865,median and lower/upper 95% credible intervals of capture probabilities on the first pass
HOPB,20201027,06,2020,138,0.48584407713285027,0.3484613223121864,0.6082608895461615,median and lower/upper 95% credible intervals of capture probabilities on the first pass
HOPB,20201029,10,2020,139,0.4289928398329195,0.3554776845330476,0.5084064894103489,median and lower/upper 95% credible intervals of capture probabilities on the first pass
HOPB,20210504,04,2021,140,0.10133192545200442,0.008600845232658569,0.32829994948615554,median and lower/upper 95% credible intervals of capture probabilities on the first pass
HOPB,20211029,04,2021,141,0.3139426758081483,0.11182729563143298,0.4767527347416828,median and lower/upper 95% credible intervals of capture probabilities on the first pass
HOPB,20220505,04,2022,142,0.14030216826900216,0.0062226291227574695,0.6170365819890546,median and lower/upper 95% credible intervals of capture probabilities on the first pass
HOPB,20220506,06,2022,143,0.584382135767363,0.4140547415639586,0.7114344394249689,median and lower/upper 95% credible intervals of capture probabilities on the first pass
HOPB,20221025,04,2022,144,0.343173783538046,0.1929880392711071,0.4766594476626412,median and lower/upper 95% credible intervals of capture probabilities on the first pass
HOPB,20221026,06,2022,145,0.30200976130855534,0.1415086068378852,0.4396356693461671,median and lower/upper 95% credible intervals of capture probabilities on the first pass
KING,20170411,01,2017,146,0.037121733005011065,0.0065275846325601175,0.11979228326217257,median and lower/upper 95% credible intervals of capture probabilities on the first pass
KING,20170412,03,2017,147,0.27070423643318553,0.10238679431011863,0.43991173244535653,median and lower/upper 95% credible intervals of capture probabilities on the first pass
KING,20170413,04,2017,148,0.06375473480216415,0.007720583933351581,0.21667726578058222,median and lower/upper 95% credible intervals of capture probabilities on the first pass
KING,20171017,01,2017,149,0.0049184635136368645,0.001183744994679483,0.011982149701198779,median and lower/upper 95% credible intervals of capture probabilities on the first pass
KING,20171019,03,2017,150,0.27054463512043886,0.20713320336785743,0.33081968124855554,median and lower/upper 95% credible intervals of capture probabilities on the first pass
KING,20171020,04,2017,151,0.07375086325247371,0.018956607508990614,0.1364551387348737,median and lower/upper 95% credible intervals of capture probabilities on the first pass
KING,20180411,01,2018,152,0.0055449177849807366,0.0012843574822414142,0.017876417434076055,median and lower/upper 95% credible intervals of capture probabilities on the first pass
KING,20180412,03,2018,153,0.2384670206062832,0.1553265304965762,0.3139863714837561,median and lower/upper 95% credible intervals of capture probabilities on the first pass
KING,20181031,03,2018,154,0.40808137075143525,0.02432481076487518,0.8727617905813075,median and lower/upper 95% credible intervals of capture probabilities on the first pass
KING,20181101,01,2018,155,0.04955232946460676,0.010771299901552655,0.1190704654895309,median and lower/upper 95% credible intervals of capture probabilities on the first pass
KING,20190408,01,2019,156,0.04950926561555459,0.008703713286819537,0.16257840762811887,median and lower/upper 95% credible intervals of capture probabilities on the first pass
KING,20190409,03,2019,157,0.09979595376045691,0.009637801918661997,0.26713658190819867,median and lower/upper 95% credible intervals of capture probabilities on the first pass
KING,20190410,04,2019,158,0.02609960036871674,0.005605067130790413,0.09511700991179853,median and lower/upper 95% credible intervals of capture probabilities on the first pass
KING,20191021,01,2019,159,0.1800087867531399,0.091280488412437355,0.269634163121202,median and lower/upper 95% credible intervals of capture probabilities on the first pass
KING,20191022,03,2019,160,0.3182163441086606,0.038249453376004765,0.5190634254950426,median and lower/upper 95% credible intervals of capture probabilities on the first pass
KING,20191023,04,2019,161,0.4134496503229262,0.1834929175965925,0.5897574319382488,median and lower/upper 95% credible intervals of capture probabilities on the first pass
KING,20200618,01,2020,162,0.33588476746412943,0.25348253941590626,0.4044956042192287,median and lower/upper 95% credible intervals of capture probabilities on the first pass
KING,20201019,01,2020,163,0.10047376589865922,0.06438868884193691,0.1366560862564276,median and lower/upper 95% credible intervals of capture probabilities on the first pass
KING,20201020,03,2020,164,0.24713266079359733,0.1978723026580236,0.29085179104627185,median and lower/upper 95% credible intervals of capture probabilities on the first pass
KING,20201021,04,2020,165,0.009463830742408232,0.0015477326437962186,0.02905765450051207,median and lower/upper 95% credible intervals of capture probabilities on the first pass
KING,20210429,01,2021,166,0.11624064100486911,0.04510294584300423,0.19957456814876348,median and lower/upper 95% credible intervals of capture probabilities on the first pass
KING,20211020,03,2021,167,0.1640142157581519,0.10846955595681694,0.22739661995161387,median and lower/upper 95% credible intervals of capture probabilities on the first pass
KING,20211021,04,2021,168,0.28964898802083067,0.2280519138973723,0.35847238345420596,median and lower/upper 95% credible intervals of capture probabilities on the first pass
KING,20220516,01,2022,169,0.19339899921220294,0.1459057281873619,0.24874556079518778,median and lower/upper 95% credible intervals of capture probabilities on the first pass
LECO,20161017,01,2016,170,0.5348490787055686,0.4414785031065192,0.6333113837043423,median and lower/upper 95% credible intervals of capture probabilities on the first pass
LECO,20161018,04,2016,171,0.5126443438406543,0.34594002919070144,0.6370681189571898,median and lower/upper 95% credible intervals of capture probabilities on the first pass
LECO,20161019,10,2016,172,0.5319525225574049,0.41807478947738597,0.6310217423035509,median and lower/upper 95% credible intervals of capture probabilities on the first pass
LECO,20171101,01,2017,173,0.5900636045030925,0.4302606520248228,0.7211794136659992,median and lower/upper 95% credible intervals of capture probabilities on the first pass
LECO,20171102,04,2017,174,0.5970038104058817,0.4229744406368904,0.7154022020532151,median and lower/upper 95% credible intervals of capture probabilities on the first pass
LECO,20171128,10,2017,175,0.6301382800948725,0.49466989673882306,0.735297432434799,median and lower/upper 95% credible intervals of capture probabilities on the first pass
LECO,20180605,01,2018,176,0.682512515131646,0.5679513352121383,0.7708730229948106,median and lower/upper 95% credible intervals of capture probabilities on the first pass
LECO,20180606,04,2018,177,0.5053111123563744,0.3804101980209547,0.5960053628609814,median and lower/upper 95% credible intervals of capture probabilities on the first pass
LECO,20180607,10,2018,178,0.24209530276916003,0.06191824671718735,0.4039339566135194,median and lower/upper 95% credible intervals of capture probabilities on the first pass
LECO,20181023,01,2018,179,0.58638101939512,0.49081684191129177,0.6712128726254651,median and lower/upper 95% credible intervals of capture probabilities on the first pass
LECO,20181024,04,2018,180,0.61275940739159,0.5044117888590351,0.7123997277359853,median and lower/upper 95% credible intervals of capture probabilities on the first pass
LECO,20181025,10,2018,181,0.5553142921184813,0.3991879954024875,0.6771162997302633,median and lower/upper 95% credible intervals of capture probabilities on the first pass
LECO,20190410,01,2019,182,0.7147974004284499,0.5998309457296547,0.8179051319100039,median and lower/upper 95% credible intervals of capture probabilities on the first pass
LECO,20190411,04,2019,183,0.34123693316775316,0.12452231159830386,0.5215249565548387,median and lower/upper 95% credible intervals of capture probabilities on the first pass
LECO,20190417,10,2019,184,0.5603644844489023,0.3561686055472659,0.7015150816197604,median and lower/upper 95% credible intervals of capture probabilities on the first pass
LECO,20191021,01,2019,185,0.5007176561292608,0.4082242549103303,0.5831033374496237,median and lower/upper 95% credible intervals of capture probabilities on the first pass
LECO,20191022,04,2019,186,0.38470732901834703,0.23000076451075663,0.5151385908569921,median and lower/upper 95% credible intervals of capture probabilities on the first pass
LECO,20191023,10,2019,187,0.6747362213439867,0.6053806005809388,0.7392931938417859,median and lower/upper 95% credible intervals of capture probabilities on the first pass
LECO,20210524,01,2021,188,0.5115069936915692,0.33800639822307904,0.6373595041193675,median and lower/upper 95% credible intervals of capture probabilities on the first pass
LECO,20210525,04,2021,189,0.35652417411312554,0.19815015378933457,0.5193128644433302,median and lower/upper 95% credible intervals of capture probabilities on the first pass
LECO,20210526,10,2021,190,0.6175399252557674,0.5063147795755512,0.7103181964113047,median and lower/upper 95% credible intervals of capture probabilities on the first pass
LECO,20211101,01,2021,191,0.5927148845194188,0.4801698982651086,0.6824314183397753,median and lower/upper 95% credible intervals of capture probabilities on the first pass
LECO,20211102,04,2021,192,0.6041136904143656,0.49066843874586114,0.7000741455622305,median and lower/upper 95% credible intervals of capture probabilities on the first pass
LECO,20211103,10,2021,193,0.5564986592817807,0.4571862615379512,0.6426871900460593,median and lower/upper 95% credible intervals of capture probabilities on the first pass
LECO,20220406,01,2022,194,0.6082169571895513,0.4482615346262687,0.7188289486890896,median and lower/upper 95% credible intervals of capture probabilities on the first pass
LECO,20221031,01,2022,195,0.6843970293512993,0.5746705835727433,0.7702389182941829,median and lower/upper 95% credible intervals of capture probabilities on the first pass
LECO,20221101,04,2022,196,0.5596789903432302,0.4072615268203974,0.6682810628682544,median and lower/upper 95% credible intervals of capture probabilities on the first pass
LECO,20221102,10,2022,197,0.6571103064389106,0.5564114736296423,0.7385778575652765,median and lower/upper 95% credible intervals of capture probabilities on the first pass
LEWI,20170410,01,2017,198,0.2402567966973223,0.16011182369421784,0.3059670353135663,median and lower/upper 95% credible intervals of capture probabilities on the first pass
LEWI,20170411,04,2017,199,0.2560371473164128,0.14717027193858406,0.3453263553726475,median and lower/upper 95% credible intervals of capture probabilities on the first pass
LEWI,20170413,09,2017,200,0.42618041422031516,0.3031057407024127,0.5175735478150587,median and lower/upper 95% credible intervals of capture probabilities on the first pass
LEWI,20171113,01,2017,201,0.32444653810876883,0.23190296449713158,0.40298816856588004,median and lower/upper 95% credible intervals of capture probabilities on the first pass
LEWI,20171114,04,2017,202,0.35466001805840885,0.26837149201760335,0.4389285378046855,median and lower/upper 95% credible intervals of capture probabilities on the first pass
LEWI,20171116,09,2017,203,0.3980994387270323,0.2863314689596425,0.5114977181397977,median and lower/upper 95% credible intervals of capture probabilities on the first pass
LEWI,20180409,01,2018,204,0.3216284528962887,0.21476287085768742,0.41846173559220057,median and lower/upper 95% credible intervals of capture probabilities on the first pass
LEWI,20180410,04,2018,205,0.3000705803250758,0.18342924052699527,0.40872263923801905,median and lower/upper 95% credible intervals of capture probabilities on the first pass
LEWI,20180411,09,2018,206,0.269603370042383,0.0813859939318069,0.44548894614112705,median and lower/upper 95% credible intervals of capture probabilities on the first pass
LEWI,20181029,01,2018,207,0.30836145689651134,0.18022926668447942,0.41015803233136405,median and lower/upper 95% credible intervals of capture probabilities on the first pass
LEWI,20181030,04,2018,208,0.2704360833449101,0.16146101572522467,0.3600414643687829,median and lower/upper 95% credible intervals of capture probabilities on the first pass
LEWI,20181031,09,2018,209,0.41724057855870245,0.2748671334165336,0.5576623014417852,median and lower/upper 95% credible intervals of capture probabilities on the first pass
LEWI,20190416,01,2019,210,0.14098925556033748,0.03173210886974861,0.2888655848033844,median and lower/upper 95% credible intervals of capture probabilities on the first pass
LEWI,20190417,04,2019,211,0.3417212021430924,0.17600903586257238,0.46002690793714274,median and lower/upper 95% credible intervals of capture probabilities on the first pass
LEWI,20190418,09,2019,212,0.20489667253327845,0.0531329586242085,0.33409637200876696,median and lower/upper 95% credible intervals of capture probabilities on the first pass
LEWI,20191029,01,2019,213,0.2498916567615074,0.13150664795331418,0.35420573844567876,median and lower/upper 95% credible intervals of capture probabilities on the first pass
LEWI,20191030,04,2019,214,0.45477256028489743,0.39124336045430197,0.52063897859617,median and lower/upper 95% credible intervals of capture probabilities on the first pass
LEWI,20191101,09,2019,215,0.5074011964955695,0.4164056687993123,0.5899874862549168,median and lower/upper 95% credible intervals of capture probabilities on the first pass
LEWI,20201026,01,2020,216,0.3090669315666742,0.19911053115677269,0.397030334570178,median and lower/upper 95% credible intervals of capture probabilities on the first pass
LEWI,20201027,04,2020,217,0.16660235135899326,0.020690710857686076,0.2754943850184294,median and lower/upper 95% credible intervals of capture probabilities on the first pass
LEWI,20201028,09,2020,218,0.3078675198831634,0.08313140945175902,0.44234582104886055,median and lower/upper 95% credible intervals of capture probabilities on the first pass
LEWI,20210412,01,2021,219,0.27053190617193423,0.17083330790712348,0.364169874275787,median and lower/upper 95% credible intervals of capture probabilities on the first pass
LEWI,20210413,04,2021,220,0.18106925588731387,0.07735197275534153,0.3030216929408127,median and lower/upper 95% credible intervals of capture probabilities on the first pass
LEWI,20210415,09,2021,221,0.4896338681610875,0.3526612104708254,0.5910521334247048,median and lower/upper 95% credible intervals of capture probabilities on the first pass
LEWI,20211108,01,2021,222,0.31686862292641665,0.21300103228660552,0.38832191568542823,median and lower/upper 95% credible intervals of capture probabilities on the first pass
LEWI,20211109,04,2021,223,0.32568546198043996,0.2127910534497892,0.42719073529401796,median and lower/upper 95% credible intervals of capture probabilities on the first pass
LEWI,20211110,09,2021,224,0.4543146750050939,0.35557593676183163,0.545631433866874,median and lower/upper 95% credible intervals of capture probabilities on the first pass
LEWI,20220411,01,2022,225,0.19929395294227475,0.06467289146660964,0.3319885993297379,median and lower/upper 95% credible intervals of capture probabilities on the first pass
LEWI,20220412,04,2022,226,0.41287482659748875,0.3097028647518016,0.4989929603144936,median and lower/upper 95% credible intervals of capture probabilities on the first pass
LEWI,20220413,09,2022,227,0.33953823510528736,0.18295661979459907,0.45995751117896194,median and lower/upper 95% credible intervals of capture probabilities on the first pass
LEWI,20221107,01,2022,228,0.14194349452046295,0.037097663969458905,0.2864034942417453,median and lower/upper 95% credible intervals of capture probabilities on the first pass
LEWI,20221108,04,2022,229,0.3577447787648206,0.20102395822983357,0.4995288530342369,median and lower/upper 95% credible intervals of capture probabilities on the first pass
LEWI,20221109,09,2022,230,0.43883719951847144,0.32843684449886956,0.5491387888003445,median and lower/upper 95% credible intervals of capture probabilities on the first pass
MART,20181015,01,2018,231,0.44940148340822333,0.33240485998471736,0.570724330285862,median and lower/upper 95% credible intervals of capture probabilities on the first pass
MART,20181016,03,2018,232,0.47664291547534693,0.3504509343646584,0.5845831136237738,median and lower/upper 95% credible intervals of capture probabilities on the first pass
MART,20181017,07,2018,233,0.6148036180255783,0.4643092858123488,0.7374000511402771,median and lower/upper 95% credible intervals of capture probabilities on the first pass
MART,20191014,01,2019,234,0.5151131307247154,0.2926307157995993,0.6879437795842622,median and lower/upper 95% credible intervals of capture probabilities on the first pass
MART,20191016,03,2019,235,0.3761957325066706,0.18811952889237127,0.5398372932549602,median and lower/upper 95% credible intervals of capture probabilities on the first pass
MART,20191017,07,2019,236,0.4128657807426285,0.17004444788840545,0.5665767950554073,median and lower/upper 95% credible intervals of capture probabilities on the first pass
MART,20200927,01,2020,237,0.2942039476539571,0.06271310287107397,0.5623727668183951,median and lower/upper 95% credible intervals of capture probabilities on the first pass
MART,20200928,03,2020,238,0.11760671985209616,0.01258375415348389,0.32824619210385875,median and lower/upper 95% credible intervals of capture probabilities on the first pass
MART,20201001,07,2020,239,0.6045332373311509,0.36240251854212496,0.78243842863299,median and lower/upper 95% credible intervals of capture probabilities on the first pass
MART,20221010,01,2022,240,0.3011946748035891,0.08077092536837602,0.5321088424853293,median and lower/upper 95% credible intervals of capture probabilities on the first pass
MART,20221011,03,2022,241,0.4709176388240275,0.1703782393079842,0.6839013688062194,median and lower/upper 95% credible intervals of capture probabilities on the first pass
MART,20221012,07,2022,242,0.5325272234011524,0.3656520260640127,0.6811699337954146,median and lower/upper 95% credible intervals of capture probabilities on the first pass
MAYF,20160408,09,2016,243,0.3576369539107736,0.04967337002147921,0.5844185501562803,median and lower/upper 95% credible intervals of capture probabilities on the first pass
MAYF,20161031,02,2016,244,0.45852748424577916,0.3735100463105922,0.5301219014280953,median and lower/upper 95% credible intervals of capture probabilities on the first pass
MAYF,20161102,07,2016,245,0.47530441058771805,0.34524301095394927,0.5816940032825011,median and lower/upper 95% credible intervals of capture probabilities on the first pass
MAYF,20161103,09,2016,246,0.3378646845195258,0.15222454561612545,0.48780070523325403,median and lower/upper 95% credible intervals of capture probabilities on the first pass
MAYF,20170328,02,2017,247,0.15847035529956066,0.013666956803826532,0.3932391994185229,median and lower/upper 95% credible intervals of capture probabilities on the first pass
MAYF,20170329,07,2017,248,0.1258514810633532,0.016640624797265906,0.30119585551129696,median and lower/upper 95% credible intervals of capture probabilities on the first pass
MAYF,20170330,09,2017,249,0.49082654273921844,0.2350258879172973,0.67177879504325555,median and lower/upper 95% credible intervals of capture probabilities on the first pass
MAYF,20180402,02,2018,250,0.4466173143518884,0.335151226709037,0.553334904667788,median and lower/upper 95% credible intervals of capture probabilities on the first pass
MAYF,20180404,07,2018,251,0.38282932162018,0.1861509401436597,0.5530573991034784,median and lower/upper 95% credible intervals of capture probabilities on the first pass
MAYF,20180405,09,2018,252,0.4074646544319428,0.1779049188913965,0.5798631019411431,median and lower/upper 95% credible intervals of capture probabilities on the first pass
MAYF,20181126,02,2018,253,0.4189168680241431,0.29791881545152454,0.5218197487959857,median and lower/upper 95% credible intervals of capture probabilities on the first pass
MAYF,20181128,07,2018,254,0.5665334168571823,0.40611645618369635,0.662531235493066,median and lower/upper 95% credible intervals of capture probabilities on the first pass
MAYF,20181129,09,2018,255,0.495412977557988,0.3533382506699956,0.6038001613538195,median and lower/upper 95% credible intervals of capture probabilities on the first pass
MAYF,20190327,02,2019,256,0.1723407855793587,0.023776897124533736,0.40315481957618965,median and lower/upper 95% credible intervals of capture probabilities on the first pass
MAYF,20190328,07,2019,257,0.3131328711432826,0.13354961994517855,0.45100187572817035,median and lower/upper 95% credible intervals of capture probabilities on the first pass
MAYF,20190329,09,2019,258,0.2098833041960376,0.029963747238521167,0.4386370131082108,median and lower/upper 95% credible intervals of capture probabilities on the first pass
MAYF,20191119,02,2019,259,0.2613024233740927,0.15435987761729092,0.3653175360524089,median and lower/upper 95% credible intervals of capture probabilities on the first pass
MAYF,20191120,07,2019,260,0.28553178683386965,0.1251777332190161,0.4222570090543242,median and lower/upper 95% credible intervals of capture probabilities on the first pass
MAYF,20191121,09,2019,261,0.2783330559137641,0.1036159298854705,0.42779005165831796,median and lower/upper 95% credible intervals of capture probabilities on the first pass
MAYF,20201203,02,2020,262,0.26498456786517577,0.0599378562002105,0.45304872503146465,median and lower/upper 95% credible intervals of capture probabilities on the first pass
MAYF,20210420,02,2021,263,0.20466832007353103,0.028788975777137148,0.44301068843132313,median and lower/upper 95% credible intervals of capture probabilities on the first pass
MAYF,20210421,07,2021,264,0.41477944107213705,0.21601859134466536,0.5809564810230214,median and lower/upper 95% credible intervals of capture probabilities on the first pass
MAYF,20210423,09,2021,265,0.2100864658988152,0.012134925629577426,0.5289242338794019,median and lower/upper 95% credible intervals of capture probabilities on the first pass
MAYF,20211025,02,2021,266,0.35791357790377465,0.16505738260001723,0.48274105372911214,median and lower/upper 95% credible intervals of capture probabilities on the first pass
MAYF,20211026,07,2021,267,0.4937782806592488,0.3726070891437422,0.6235668973723625,median and lower/upper 95% credible intervals of capture probabilities on the first pass
MAYF,20211027,09,2021,268,0.19613648252253266,0.03576497721632289,0.38783256758901513,median and lower/upper 95% credible intervals of capture probabilities on the first pass
MAYF,20220412,02,2022,269,0.18594191339046767,0.015007668631830048,0.37667954026581674,median and lower/upper 95% credible intervals of capture probabilities on the first pass
MAYF,20221114,02,2022,270,0.3292778414728338,0.20032101637738284,0.4493632575836655,median and lower/upper 95% credible intervals of capture probabilities on the first pass
MAYF,20221117,07,2022,271,0.3954230571909373,0.30015183201869156,0.48384095442485353,median and lower/upper 95% credible intervals of capture probabilities on the first pass
MAYF,20221118,09,2022,272,0.35745452895670465,0.16089748440910237,0.526091547924157,median and lower/upper 95% credible intervals of capture probabilities on the first pass
MCDI,20170419,02,2017,273,0.48494251485744977,0.360389289136137,0.5762296656673704,median and lower/upper 95% credible intervals of capture probabilities on the first pass
MCDI,20170420,04,2017,274,0.6654036138310899,0.5553268788093635,0.7574833924966642,median and lower/upper 95% credible intervals of capture probabilities on the first pass
MCDI,20171024,02,2017,275,0.08788624587200111,0.00924142804576485,0.16024062087406835,median and lower/upper 95% credible intervals of capture probabilities on the first pass
MCDI,20171026,04,2017,276,0.17836617759080747,0.10418871665862123,0.256690243303497,median and lower/upper 95% credible intervals of capture probabilities on the first pass
MCDI,20180418,02,2018,277,0.08753778558900416,0.013131146239196935,0.1907044384566009,median and lower/upper 95% credible intervals of capture probabilities on the first pass
MCDI,20180419,04,2018,278,0.11021641621708952,0.028373938549898982,0.23491945663056096,median and lower/upper 95% credible intervals of capture probabilities on the first pass
MCDI,20181024,02,2018,279,0.14858060971871845,0.04710611772960541,0.2777287201264408,median and lower/upper 95% credible intervals of capture probabilities on the first pass
MCDI,20181026,04,2018,280,0.09088047150282591,0.015046724997392905,0.17631858223631297,median and lower/upper 95% credible intervals of capture probabilities on the first pass
MCDI,20190417,02,2019,281,0.0732119290520968,0.012155406667771313,0.17866683219165896,median and lower/upper 95% credible intervals of capture probabilities on the first pass
MCDI,20190418,04,2019,282,0.3599726514913417,0.23394473427243329,0.47502884930151135,median and lower/upper 95% credible intervals of capture probabilities on the first pass
MCDI,20191031,02,2019,283,0.44637731580446105,0.3290448265772693,0.548726305054573,median and lower/upper 95% credible intervals of capture probabilities on the first pass
MCDI,20191101,04,2019,284,0.33181341404149844,0.17517914586170072,0.4555136335333803,median and lower/upper 95% credible intervals of capture probabilities on the first pass
MCDI,20200616,02,2020,285,0.41161999884895417,0.30825827432291464,0.5108679001355729,median and lower/upper 95% credible intervals of capture probabilities on the first pass
MCDI,20201030,02,2020,286,0.02932238012898712,0.004644624277413425,0.08125346338751259,median and lower/upper 95% credible intervals of capture probabilities on the first pass
MCDI,20201102,04,2020,287,0.19097586635979885,0.11130504550441236,0.25226312237351506,median and lower/upper 95% credible intervals of capture probabilities on the first pass
MCDI,20210428,02,2021,288,0.5338806382414842,0.4862916731512192,0.5848730356660437,median and lower/upper 95% credible intervals of capture probabilities on the first pass
MCDI,20211026,02,2021,289,0.05120095077469464,0.004328946403785217,0.1614912565762591,median and lower/upper 95% credible intervals of capture probabilities on the first pass
MCRA,20171002,06,2017,290,0.12894569197610478,0.016345126051393558,0.33740016778832027,median and lower/upper 95% credible intervals of capture probabilities on the first pass
MCRA,20171003,04,2017,291,0.2928323214109551,0.10720061061274842,0.47638673858128217,median and lower/upper 95% credible intervals of capture probabilities on the first pass
MCRA,20171004,08,2017,292,0.7421118699949745,0.5954508323960924,0.8385788083261854,median and lower/upper 95% credible intervals of capture probabilities on the first pass
MCRA,20181001,04,2018,293,0.6076945007064282,0.4853403101609293,0.7067658363688105,median and lower/upper 95% credible intervals of capture probabilities on the first pass
MCRA,20181002,06,2018,294,0.37868698198747197,0.10627433696134336,0.5887253258178289,median and lower/upper 95% credible intervals of capture probabilities on the first pass
MCRA,20181003,08,2018,295,0.36100749175291014,0.1439433416437181,0.5316185343745778,median and lower/upper 95% credible intervals of capture probabilities on the first pass
MCRA,20191008,04,2019,296,0.4969386833670207,0.29701591208778216,0.643273172268657,median and lower/upper 95% credible intervals of capture probabilities on the first pass
MCRA,20191009,06,2019,297,0.15157436653572665,0.023922945127957892,0.3682262850436658,median and lower/upper 95% credible intervals of capture probabilities on the first pass
MCRA,20211102,04,2021,298,0.14552993015542298,0.011619713045186723,0.4287819835822056,median and lower/upper 95% credible intervals of capture probabilities on the first pass
MCRA,20211103,06,2021,299,0.08478238064765545,0.012954049688119664,0.2635912934126709,median and lower/upper 95% credible intervals of capture probabilities on the first pass
MCRA,20211103,08,2021,300,0.313690094611645,0.01642636753038113,0.6284166628359874,median and lower/upper 95% credible intervals of capture probabilities on the first pass
MCRA,20220928,04,2022,301,0.19758889768790971,0.03294289882744269,0.41429092177362425,median and lower/upper 95% credible intervals of capture probabilities on the first pass
OKSR,20190605,03,2019,302,0.16233696491320465,0.004500245682697782,0.813332519268894,median and lower/upper 95% credible intervals of capture probabilities on the first pass
OKSR,20190606,09,2019,303,0.09626664816113602,0.002546617065104017,0.4272886167222567,median and lower/upper 95% credible intervals of capture probabilities on the first pass
OKSR,20210811,03,2021,304,0.039830210742368415,0.005759845330145559,0.15546755827678835,median and lower/upper 95% credible intervals of capture probabilities on the first pass
OKSR,20210812,06,2021,305,0.05079154556452875,0.004342766128170722,0.17982861243709894,median and lower/upper 95% credible intervals of capture probabilities on the first pass
OKSR,20220815,03,2022,306,0.07292167396985672,0.0038426465076450006,0.28812200087119333,median and lower/upper 95% credible intervals of capture probabilities on the first pass
OKSR,20220816,06,2022,307,0.14860857865928429,0.018415279753486027,0.40132608902825906,median and lower/upper 95% credible intervals of capture probabilities on the first pass
OKSR,20220817,09,2022,308,0.2154973321329553,0.017229948833257312,0.5792342129804018,median and lower/upper 95% credible intervals of capture probabilities on the first pass
POSE,20161116,02,2016,309,0.3858579316324836,0.2834621158140521,0.4822930577157963,median and lower/upper 95% credible intervals of capture probabilities on the first pass
POSE,20161117,07,2016,310,0.38243992060420806,0.294363237196617,0.4554537597198656,median and lower/upper 95% credible intervals of capture probabilities on the first pass
POSE,20161118,09,2016,311,0.5493415023333694,0.4751798695917243,0.606837542866355,median and lower/upper 95% credible intervals of capture probabilities on the first pass
POSE,20170403,02,2017,312,0.4370141334056171,0.28411924624344853,0.5573309417631218,median and lower/upper 95% credible intervals of capture probabilities on the first pass
POSE,20170404,07,2017,313,0.5739483623191821,0.47110645026030756,0.6768584324485815,median and lower/upper 95% credible intervals of capture probabilities on the first pass
POSE,20170405,09,2017,314,0.2130253273839179,0.07236664905035936,0.3569503284929412,median and lower/upper 95% credible intervals of capture probabilities on the first pass
POSE,20171030,02,2017,315,0.3363531925173167,0.17751004505405762,0.47209657390845783,median and lower/upper 95% credible intervals of capture probabilities on the first pass
POSE,20171031,07,2017,316,0.2691833355773024,0.12402789302538907,0.4088826407923754,median and lower/upper 95% credible intervals of capture probabilities on the first pass
POSE,20171101,09,2017,317,0.43038550644981916,0.2953932128243704,0.5502123063231863,median and lower/upper 95% credible intervals of capture probabilities on the first pass
POSE,20180402,02,2018,318,0.3296134860128462,0.1434387497052257,0.4715671500831693,median and lower/upper 95% credible intervals of capture probabilities on the first pass
POSE,20180403,07,2018,319,0.3084527551610503,0.12803302030962418,0.47245996903248816,median and lower/upper 95% credible intervals of capture probabilities on the first pass
POSE,20180404,09,2018,320,0.3677804408696095,0.1934989032192241,0.5166334826262017,median and lower/upper 95% credible intervals of capture probabilities on the first pass
POSE,20181112,02,2018,321,0.3218888356934083,0.14606079384314782,0.44702452474456283,median and lower/upper 95% credible intervals of capture probabilities on the first pass
POSE,20181113,07,2018,322,0.34171187990770546,0.1936002508953098,0.45662522367935576,median and lower/upper 95% credible intervals of capture probabilities on the first pass
POSE,20181114,09,2018,323,0.4912528308563136,0.3667429845011132,0.6210784709838412,median and lower/upper 95% credible intervals of capture probabilities on the first pass
POSE,20190408,02,2019,324,0.3844219558159009,0.23629904094314794,0.509746912902375,median and lower/upper 95% credible intervals of capture probabilities on the first pass
POSE,20190410,07,2019,325,0.36351560155633333,0.26586772056734626,0.4576135951406276,median and lower/upper 95% credible intervals of capture probabilities on the first pass
POSE,20190411,09,2019,326,0.4982029596835931,0.36630785286206125,0.6038593646519328,median and lower/upper 95% credible intervals of capture probabilities on the first pass
POSE,20191111,02,2019,327,0.30098091222708745,0.17458556177673823,0.41400792775483575,median and lower/upper 95% credible intervals of capture probabilities on the first pass
POSE,20191112,07,2019,328,0.5339971321120707,0.4273865275729643,0.6157749117148149,median and lower/upper 95% credible intervals of capture probabilities on the first pass
POSE,20191114,09,2019,329,0.4475255540735604,0.31102479301850483,0.5488306303305096,median and lower/upper 95% credible intervals of capture probabilities on the first pass
POSE,20201109,02,2020,330,0.4442076233290365,0.3365985112794956,0.5256070405642881,median and lower/upper 95% credible intervals of capture probabilities on the first pass
POSE,20201110,07,2020,331,0.3228186405384026,0.1921804397151936,0.43296723078665145,median and lower/upper 95% credible intervals of capture probabilities on the first pass
POSE,20201111,09,2020,332,0.5210864538299704,0.4234703019235582,0.6287035012764749,median and lower/upper 95% credible intervals of capture probabilities on the first pass
POSE,20210405,02,2021,333,0.42704060408727695,0.2681530968603727,0.5388518455210476,median and lower/upper 95% credible intervals of capture probabilities on the first pass
POSE,20210406,07,2021,334,0.45343923292227156,0.32285498213224806,0.5539897742781593,median and lower/upper 95% credible intervals of capture probabilities on the first pass
POSE,20210407,09,2021,335,0.4203897944706743,0.2644438643961427,0.5405439404858878,median and lower/upper 95% credible intervals of capture probabilities on the first pass
POSE,20211025,02,2021,336,0.3945311626871716,0.24179914966377164,0.5476032199256314,median and lower/upper 95% credible intervals of capture probabilities on the first pass
POSE,20211026,07,2021,337,0.5071884643050826,0.39822023046532623,0.6163991960413335,median and lower/upper 95% credible intervals of capture probabilities on the first pass
POSE,20211027,09,2021,338,0.27951901877084123,0.1150301447215834,0.4265512703155378,median and lower/upper 95% credible intervals of capture probabilities on the first pass
POSE,20220404,02,2022,339,0.5725070722663106,0.466040011753193,0.6845839339076502,median and lower/upper 95% credible intervals of capture probabilities on the first pass
POSE,20220405,07,2022,340,0.5521271422628731,0.4174617381797062,0.6870519174650572,median and lower/upper 95% credible intervals of capture probabilities on the first pass
POSE,20220406,09,2022,341,0.5149083146060469,0.3003437209652926,0.6912696621554326,median and lower/upper 95% credible intervals of capture probabilities on the first pass
POSE,20221031,02,2022,342,0.5038307132365905,0.3567645469697404,0.6369582929827198,median and lower/upper 95% credible intervals of capture probabilities on the first pass
POSE,20221101,07,2022,343,0.5444540757002756,0.41276782436133413,0.6524768068784873,median and lower/upper 95% credible intervals of capture probabilities on the first pass
POSE,20221102,09,2022,344,0.3325636310454398,0.20626313070443758,0.4478504564089256,median and lower/upper 95% credible intervals of capture probabilities on the first pass
PRIN,20170228,03,2017,345,0.06291149701724162,0.008979311375956249,0.1961016255905916,median and lower/upper 95% credible intervals of capture probabilities on the first pass
PRIN,20170301,07,2017,346,0.08818569047901424,0.014097634281806153,0.21793980399040858,median and lower/upper 95% credible intervals of capture probabilities on the first pass
PRIN,20170302,10,2017,347,0.2999678192824937,0.15732829060818923,0.40512356366163443,median and lower/upper 95% credible intervals of capture probabilities on the first pass
PRIN,20171114,03,2017,348,0.29376084409957304,0.20589904040771737,0.36369413079341134,median and lower/upper 95% credible intervals of capture probabilities on the first pass
PRIN,20171115,07,2017,349,0.1662302034137974,0.07851914221161793,0.2586027231950458,median and lower/upper 95% credible intervals of capture probabilities on the first pass
PRIN,20171116,10,2017,350,0.24268824493976687,0.11459745721734535,0.3572066418459487,median and lower/upper 95% credible intervals of capture probabilities on the first pass
PRIN,20180320,03,2018,351,0.1868358304396656,0.051680626856207855,0.35045271425606306,median and lower/upper 95% credible intervals of capture probabilities on the first pass
PRIN,20180321,07,2018,352,0.3072805179424015,0.140597310809246,0.4387228402968818,median and lower/upper 95% credible intervals of capture probabilities on the first pass
PRIN,20180322,10,2018,353,0.2644109969220557,0.06800934612200096,0.5040188525103491,median and lower/upper 95% credible intervals of capture probabilities on the first pass
PRIN,20181113,07,2018,354,0.29211668275978436,0.15459493052196993,0.4202312879114276,median and lower/upper 95% credible intervals of capture probabilities on the first pass
PRIN,20181114,03,2018,355,0.25453051258372283,0.06877397013941301,0.42414558922472406,median and lower/upper 95% credible intervals of capture probabilities on the first pass
PRIN,20181115,10,2018,356,0.10745048867741878,0.012947887758351977,0.29189706626927625,median and lower/upper 95% credible intervals of capture probabilities on the first pass
PRIN,20190226,03,2019,357,0.1471355966574845,0.030508390536274445,0.27506385335455574,median and lower/upper 95% credible intervals of capture probabilities on the first pass
PRIN,20190227,10,2019,358,0.1438974833316075,0.006107640659527588,0.33395531565831005,median and lower/upper 95% credible intervals of capture probabilities on the first pass
PRIN,20190228,07,2019,359,0.2500948799855716,0.0809639795320448,0.37416116897933066,median and lower/upper 95% credible intervals of capture probabilities on the first pass
PRIN,20191118,03,2019,360,0.3277815133536035,0.15719148973038832,0.48388312963092156,median and lower/upper 95% credible intervals of capture probabilities on the first pass
PRIN,20191119,07,2019,361,0.4751947724432055,0.40102830749755297,0.5448726549629254,median and lower/upper 95% credible intervals of capture probabilities on the first pass
PRIN,20191120,10,2019,362,0.10896879390289294,0.014209521726381784,0.32381986646056665,median and lower/upper 95% credible intervals of capture probabilities on the first pass
PRIN,20200310,03,2020,363,0.07191820316418937,0.010465601518479046,0.18960375994634138,median and lower/upper 95% credible intervals of capture probabilities on the first pass
PRIN,20200311,10,2020,364,0.2858980644313025,0.09054505684386605,0.42949436301597504,median and lower/upper 95% credible intervals of capture probabilities on the first pass
PRIN,20200312,07,2020,365,0.24035909019646534,0.12783649281736065,0.35090954404758556,median and lower/upper 95% credible intervals of capture probabilities on the first pass
PRIN,20211116,03,2021,366,0.17770180434946833,0.10089089098710782,0.24123848732389758,median and lower/upper 95% credible intervals of capture probabilities on the first pass
PRIN,20211117,07,2021,367,0.12885590613864878,0.05720757104612232,0.21380941331848502,median and lower/upper 95% credible intervals of capture probabilities on the first pass
PRIN,20211119,10,2021,368,0.44101505828176546,0.37980846002920504,0.4905634678897784,median and lower/upper 95% credible intervals of capture probabilities on the first pass
REDB,20161020,02,2016,369,0.2912383600764741,0.07544156622405712,0.49690388723337064,median and lower/upper 95% credible intervals of capture probabilities on the first pass
REDB,20161021,05,2016,370,0.4278432678431729,0.22124402010821745,0.6253538372567177,median and lower/upper 95% credible intervals of capture probabilities on the first pass
REDB,20161022,07,2016,371,0.1950368301155143,0.01646191804015137,0.44561453225031816,median and lower/upper 95% credible intervals of capture probabilities on the first pass
REDB,20171019,02,2017,372,0.07920091151654594,0.006257629005980125,0.29838944393423683,median and lower/upper 95% credible intervals of capture probabilities on the first pass
REDB,20171020,07,2017,373,0.15112051649756963,0.02740605962056684,0.36603290547217476,median and lower/upper 95% credible intervals of capture probabilities on the first pass
REDB,20171021,05,2017,374,0.6356964290306304,0.19908083192100187,0.8340968556252948,median and lower/upper 95% credible intervals of capture probabilities on the first pass
REDB,20180423,02,2018,375,0.07953677013392621,0.004542171527884742,0.6042806409464098,median and lower/upper 95% credible intervals of capture probabilities on the first pass
REDB,20180425,07,2018,376,0.1457452190396363,0.011215239336784047,0.6332305912057501,median and lower/upper 95% credible intervals of capture probabilities on the first pass
REDB,20180427,05,2018,377,0.193988430195765,0.005341889438505418,0.7217939885335332,median and lower/upper 95% credible intervals of capture probabilities on the first pass
REDB,20181015,02,2018,378,0.11558736199158726,0.002958466432161606,0.7571913138481727,median and lower/upper 95% credible intervals of capture probabilities on the first pass
REDB,20181017,05,2018,379,0.336996188620756,0.026332268533875623,0.8625407159130558,median and lower/upper 95% credible intervals of capture probabilities on the first pass
REDB,20181018,07,2018,380,0.15945763539501148,0.010478074997275516,0.5394341772675099,median and lower/upper 95% credible intervals of capture probabilities on the first pass
REDB,20191014,02,2019,381,0.5243315662765493,0.15594371915550193,0.752076683278573,median and lower/upper 95% credible intervals of capture probabilities on the first pass
REDB,20191015,05,2019,382,0.43378887167844754,0.04063988565788426,0.7855044211813684,median and lower/upper 95% credible intervals of capture probabilities on the first pass
REDB,20191016,07,2019,383,0.1740569060802159,0.013123727198426346,0.528300115916372,median and lower/upper 95% credible intervals of capture probabilities on the first pass
REDB,20221024,02,2022,384,0.1882594845656462,0.003943479707205908,0.6839299429751763,median and lower/upper 95% credible intervals of capture probabilities on the first pass
REDB,20221026,05,2022,385,0.21686045519799285,0.010999800080018614,0.7517086245961244,median and lower/upper 95% credible intervals of capture probabilities on the first pass
REDB,20221027,07,2022,386,0.27201088178504074,0.013586732094988237,0.7851794777185159,median and lower/upper 95% credible intervals of capture probabilities on the first pass
SYCA,20190220,04,2019,387,0.12798476035547096,0.006509301714925891,0.5212615386608709,median and lower/upper 95% credible intervals of capture probabilities on the first pass
SYCA,20190625,04,2019,388,0.34265280549718247,0.2458185640360087,0.4234606743567784,median and lower/upper 95% credible intervals of capture probabilities on the first pass
SYCA,20190626,06,2019,389,0.3393209174970566,0.2331388556560734,0.42806424206794486,median and lower/upper 95% credible intervals of capture probabilities on the first pass
SYCA,20190627,10,2019,390,0.4577813442043138,0.40772565741197236,0.5172473275686843,median and lower/upper 95% credible intervals of capture probabilities on the first pass
SYCA,20200204,04,2020,391,0.0503655903984787,0.0038176129834238395,0.18260796541905636,median and lower/upper 95% credible intervals of capture probabilities on the first pass
SYCA,20200205,06,2020,392,0.056446561975952866,0.009093220875458283,0.16229759134716532,median and lower/upper 95% credible intervals of capture probabilities on the first pass
SYCA,20200206,10,2020,393,0.2859951663194099,0.16039325234810548,0.37323958711124705,median and lower/upper 95% credible intervals of capture probabilities on the first pass
SYCA,20201014,06,2020,394,0.30444178873203853,0.2584613257077195,0.3419898580346416,median and lower/upper 95% credible intervals of capture probabilities on the first pass
SYCA,20220201,06,2022,395,0.07579601555869703,0.015156216394506164,0.14490201151516996,median and lower/upper 95% credible intervals of capture probabilities on the first pass
SYCA,20220202,04,2022,396,0.4436062579544551,0.3988144012762652,0.484898286438043,median and lower/upper 95% credible intervals of capture probabilities on the first pass
SYCA,20220203,10,2022,397,0.01674406462305139,0.00207957025057291,0.06088470866850326,median and lower/upper 95% credible intervals of capture probabilities on the first pass
TECR,20191014,01,2019,398,0.23688493146632017,0.04095264918108564,0.4190621446526892,median and lower/upper 95% credible intervals of capture probabilities on the first pass
TECR,20191015,05,2019,399,0.3007773393556197,0.150575646176959,0.4552341858796825,median and lower/upper 95% credible intervals of capture probabilities on the first pass
TECR,20191016,06,2019,400,0.34692562185847975,0.17587211361832533,0.4866148150972402,median and lower/upper 95% credible intervals of capture probabilities on the first pass
TECR,20210601,01,2021,401,0.42423861967554316,0.2546407829862364,0.5700704892387509,median and lower/upper 95% credible intervals of capture probabilities on the first pass
TECR,20210603,05,2021,402,0.5312393961706151,0.41490075911193547,0.6389717736145841,median and lower/upper 95% credible intervals of capture probabilities on the first pass
TECR,20210604,06,2021,403,0.5459964396621573,0.41840962720117547,0.6606563688168,median and lower/upper 95% credible intervals of capture probabilities on the first pass
TECR,20220517,05,2022,404,0.42981849470107797,0.23431579941099373,0.5978814954840124,median and lower/upper 95% credible intervals of capture probabilities on the first pass
TECR,20220518,06,2022,405,0.553703831307699,0.37993613874771653,0.6795894852667671,median and lower/upper 95% credible intervals of capture probabilities on the first pass
TECR,20221012,05,2022,406,0.2986549630142977,0.09084638220862268,0.45285076728696694,median and lower/upper 95% credible intervals of capture probabilities on the first pass
WALK,20160329,01,2016,407,0.6166717258667143,0.5127620111927886,0.6964750905056541,median and lower/upper 95% credible intervals of capture probabilities on the first pass
WALK,20161102,01,2016,408,0.6843383164214193,0.5928662219948924,0.7566830058701363,median and lower/upper 95% credible intervals of capture probabilities on the first pass
WALK,20170314,01,2017,409,0.7246971846926262,0.6562287877881792,0.7777414897432173,median and lower/upper 95% credible intervals of capture probabilities on the first pass
WALK,20170315,03,2017,410,0.6242985111219478,0.5249542346290761,0.7055608975172363,median and lower/upper 95% credible intervals of capture probabilities on the first pass
WALK,20170315,05,2017,411,0.5097393382540316,0.3691032310545321,0.6228998277540393,median and lower/upper 95% credible intervals of capture probabilities on the first pass
WALK,20170316,05,2017,412,0.5200955825173875,0.422672218514198,0.6001597648674953,median and lower/upper 95% credible intervals of capture probabilities on the first pass
WALK,20171024,01,2017,413,0.6724605010704896,0.6011626287281946,0.727536560009807,median and lower/upper 95% credible intervals of capture probabilities on the first pass
WALK,20171025,03,2017,414,0.6978008003681258,0.6240276677895781,0.7768310493401731,median and lower/upper 95% credible intervals of capture probabilities on the first pass
WALK,20171026,05,2017,415,0.6917921751568492,0.6124591491225636,0.7483380299400152,median and lower/upper 95% credible intervals of capture probabilities on the first pass
WALK,20180328,05,2018,416,0.3620018691239805,0.13511524305538714,0.5167277062556589,median and lower/upper 95% credible intervals of capture probabilities on the first pass
WALK,20181106,01,2018,417,0.7069924958560381,0.6221703126704479,0.7767464533781412,median and lower/upper 95% credible intervals of capture probabilities on the first pass
WALK,20181107,03,2018,418,0.8037060199603974,0.7320497435596207,0.8633994806643878,median and lower/upper 95% credible intervals of capture probabilities on the first pass
WALK,20181107,05,2018,419,0.7630922682006689,0.6718800179021234,0.8304909486906966,median and lower/upper 95% credible intervals of capture probabilities on the first pass
WALK,20190319,01,2019,420,0.6488194573591812,0.546966640243874,0.7385217422734918,median and lower/upper 95% credible intervals of capture probabilities on the first pass
WALK,20190320,03,2019,421,0.6930453294645869,0.5802154954370821,0.8023121083464854,median and lower/upper 95% credible intervals of capture probabilities on the first pass
WALK,20190320,05,2019,422,0.6225818267566431,0.4541172189156406,0.7382884776934464,median and lower/upper 95% credible intervals of capture probabilities on the first pass
WALK,20191105,01,2019,423,0.7262174044856633,0.6577041807081683,0.7855780325795891,median and lower/upper 95% credible intervals of capture probabilities on the first pass
WALK,20191106,03,2019,424,0.8098286874774365,0.7140265853433646,0.8831040118482292,median and lower/upper 95% credible intervals of capture probabilities on the first pass
WALK,20191106,05,2019,425,0.6549654384806074,0.5381043891146746,0.7452874044322302,median and lower/upper 95% credible intervals of capture probabilities on the first pass
WALK,20200318,01,2020,426,0.47156452737487553,0.29126982610839175,0.6022822135222823,median and lower/upper 95% credible intervals of capture probabilities on the first pass
WALK,20200319,03,2020,427,0.6161601239136847,0.45701651442714863,0.7348292826386889,median and lower/upper 95% credible intervals of capture probabilities on the first pass
WALK,20201102,01,2020,428,0.4809269978162224,0.38161267602549276,0.5851734942366142,median and lower/upper 95% credible intervals of capture probabilities on the first pass
WALK,20201103,03,2020,429,0.5523846439514464,0.4355261272801427,0.6617546043414975,median and lower/upper 95% credible intervals of capture probabilities on the first pass
WALK,20201104,05,2020,430,0.562585182656468,0.46590726457275844,0.6296634591692388,median and lower/upper 95% credible intervals of capture probabilities on the first pass
WALK,20210324,05,2021,431,0.5618340134125303,0.41453309365343444,0.6733037436850209,median and lower/upper 95% credible intervals of capture probabilities on the first pass
WALK,20211109,01,2021,432,0.753453494488083,0.6600914154211256,0.8231425527594404,median and lower/upper 95% credible intervals of capture probabilities on the first pass
WALK,20211109,03,2021,433,0.5856676423008026,0.4065718900219852,0.7205885634416997,median and lower/upper 95% credible intervals of capture probabilities on the first pass
WALK,20211110,05,2021,434,0.738421615681494,0.6663194665775094,0.8044270013242338,median and lower/upper 95% credible intervals of capture probabilities on the first pass
WALK,20220322,01,2022,435,0.66286328014487,0.5199357277107914,0.7824360658543152,median and lower/upper 95% credible intervals of capture probabilities on the first pass
WALK,20220322,03,2022,436,0.7313365848806574,0.54599311275932,0.8415376979242761,median and lower/upper 95% credible intervals of capture probabilities on the first pass
WALK,20220324,05,2022,437,0.5639730872465862,0.4308194479014702,0.6713413083575757,median and lower/upper 95% credible intervals of capture probabilities on the first pass
WALK,20221108,01,2022,438,0.6033236627603731,0.5078012813233728,0.6685620304128954,median and lower/upper 95% credible intervals of capture probabilities on the first pass
WALK,20221108,03,2022,439,0.5679072195674278,0.43144363677784553,0.6741156311347304,median and lower/upper 95% credible intervals of capture probabilities on the first pass
WALK,20221109,05,2022,440,0.629830293183339,0.5381904084705691,0.7064912874965027,median and lower/upper 95% credible intervals of capture probabilities on the first pass
WLOU,20170605,01,2017,441,0.1756633088833231,0.014467609670283559,0.630342096194369,median and lower/upper 95% credible intervals of capture probabilities on the first pass
WLOU,20170606,04,2017,442,0.22594160159389096,0.01923469703570417,0.5376589615780889,median and lower/upper 95% credible intervals of capture probabilities on the first pass
WLOU,20170607,07,2017,443,0.6168863800762903,0.17960193060394244,0.8517070469070405,median and lower/upper 95% credible intervals of capture probabilities on the first pass
WLOU,20170927,01,2017,444,0.09186293808306331,0.006104027688762906,0.3735381384112896,median and lower/upper 95% credible intervals of capture probabilities on the first pass
WLOU,20170927,04,2017,445,0.6459904713424012,0.462221025921104,0.7814918994557617,median and lower/upper 95% credible intervals of capture probabilities on the first pass
WLOU,20170928,07,2017,446,0.2925752743059795,0.02656059948662183,0.6103299868776044,median and lower/upper 95% credible intervals of capture probabilities on the first pass
WLOU,20180529,01,2018,447,0.597678800267144,0.037060576411847394,0.8974285051897077,median and lower/upper 95% credible intervals of capture probabilities on the first pass
WLOU,20180530,04,2018,448,0.14467007165230156,0.010990077279377454,0.3711038352731561,median and lower/upper 95% credible intervals of capture probabilities on the first pass
WLOU,20180531,07,2018,449,0.13895717340622227,0.005768448636930289,0.5079407634774643,median and lower/upper 95% credible intervals of capture probabilities on the first pass
WLOU,20180924,01,2018,450,0.19928929765089287,0.013986880817750524,0.5630247394425028,median and lower/upper 95% credible intervals of capture probabilities on the first pass
WLOU,20180925,04,2018,451,0.5019893564980437,0.21182626853360273,0.7221693194778008,median and lower/upper 95% credible intervals of capture probabilities on the first pass
WLOU,20190923,01,2019,452,0.2741262060745677,0.05424094009591862,0.5028662395401527,median and lower/upper 95% credible intervals of capture probabilities on the first pass
WLOU,20190924,04,2019,453,0.35640039035487436,0.12058172228733442,0.5709243577415618,median and lower/upper 95% credible intervals of capture probabilities on the first pass
WLOU,20190925,07,2019,454,0.4769121772321957,0.11344361382391122,0.7117166260622365,median and lower/upper 95% credible intervals of capture probabilities on the first pass
WLOU,20210525,01,2021,455,0.10957760219105128,0.010939666720261873,0.3793382011745325,median and lower/upper 95% credible intervals of capture probabilities on the first pass
WLOU,20210525,04,2021,456,0.1845541201276001,0.008885006870125898,0.5533093911996111,median and lower/upper 95% credible intervals of capture probabilities on the first pass
WLOU,20210526,07,2021,457,0.3126706936404239,0.04646407262004955,0.611087359088281,median and lower/upper 95% credible intervals of capture probabilities on the first pass
WLOU,20210927,01,2021,458,0.12253709883865051,0.013350100150693121,0.3571931922178356,median and lower/upper 95% credible intervals of capture probabilities on the first pass
WLOU,20210928,04,2021,459,0.15568103250814408,0.022119903456571402,0.4047946473437488,median and lower/upper 95% credible intervals of capture probabilities on the first pass
WLOU,20210929,07,2021,460,0.4636792337713575,0.18672601756888021,0.6405579048371088,median and lower/upper 95% credible intervals of capture probabilities on the first pass
WLOU,20220711,01,2022,461,0.2858145432068645,0.04333296298862148,0.6409620319328213,median and lower/upper 95% credible intervals of capture probabilities on the first pass
WLOU,20220712,04,2022,462,0.12211834631010854,0.008449855671785944,0.4104040051276634,median and lower/upper 95% credible intervals of capture probabilities on the first pass
WLOU,20220713,07,2022,463,0.10176429798467151,0.008838939236956098,0.4586887375088346,median and lower/upper 95% credible intervals of capture probabilities on the first pass
WLOU,20220919,01,2022,464,0.18092200669246378,0.016306172005373105,0.45506906227988286,median and lower/upper 95% credible intervals of capture probabilities on the first pass
WLOU,20220920,04,2022,465,0.38872769891636827,0.15257588710192463,0.5720249851285433,median and lower/upper 95% credible intervals of capture probabilities on the first pass
WLOU,20220920,07,2022,466,0.5450213977656342,0.3321509984536234,0.6986954635169709,median and lower/upper 95% credible intervals of capture probabilities on the first pass
